url,Languages
https://github.com/0X1A/core-utils,Rust
https://github.com/1024jp/GzipSwift,Ruby Swift C++
https://github.com/13tags/personal-message-bbm-html5-webworks,JavaScript
https://github.com/1l2p/todolister,Shell
https://github.com/2sb18/pretty-list-printer,Racket
https://github.com/3upperm2n/GPUsr,Matlab HTML
https://github.com/809848367/JSPatch,JavaScript Objective-C Ruby
https://github.com/AGiorgetti/agiorgetti.github.io,Ruby JavaScript HTML CSS Batchfile
https://github.com/API-Skeletons/zf-oauth2-doctrine-permissions-acl,PHP
https://github.com/ARMmbed/mbed-connector-api-python,Shell C Python
https://github.com/ASPLes/nopoll,C++ Shell Python NSIS Makefile M4 JavaScript HTML CSS C
https://github.com/AU-PSL/demonsimulationcode,C++ CMake Python C
https://github.com/AadityaJ/CP,C++ Shell Python
https://github.com/Adiss/KartyaProject-Java,Java
https://github.com/AeonDigital/Code-Craft-js_BasicTools,HTML CSS JavaScript
https://github.com/AfzalivE/venuevue-android,Java Shell Groovy
https://github.com/AlanZatarain/python-astm,Python
https://github.com/AlexaBierm3/Alexander,C++ Assembly Perl Python Shell Objective-C C
https://github.com/AlexisTM/LightBus-Arduino,C++ C Arduino
https://github.com/Alexpux/MINGW-packages,Batchfile Makefile QMake CMake QML Lua M4 Python Roff Shell C
https://github.com/AllieRays/debugging-drupal-8,Visual Basic CSS C++ Shell Ruby PHP JavaScript HTML Cucumber ApacheConf
https://github.com/Anastaszor/phpmyadmin,Shell ApacheConf CSS HTML JavaScript PHP
https://github.com/AndreasMadsen/levenshtein-benchmark,JavaScript
https://github.com/Antiquum/Crimson,Java
https://github.com/Aomitayo/injectables,JavaScript
https://github.com/Arkenep/tree,HTML JavaScript CSS
https://github.com/ArnCarveris/cxbx,Objective-C Batchfile C C++ Groff HTML Makefile
https://github.com/BCDevOps/gigles,JavaScript
https://github.com/BackupGGCode/js2cpp,HTML C C++ JavaScript
https://github.com/BaiGang/distr_admm,Makefile Python Shell C C++ Java
https://github.com/BartAdv/clientsession,Haskell
https://github.com/BenchR267/HodorKeyboard,Swift
https://github.com/Berzel/berzelbtumbude,PHP CSS JavaScript
https://github.com/BestWayOut/char-size,JavaScript
https://github.com/BigRefT/bionic_cms,Ruby JavaScript PHP
https://github.com/Blealtan/2015-Web-Design-Lecture,HTML
https://github.com/Bloc/ios-exercises,Objective-C Swift
https://github.com/Bloutiouf/VineWall,JavaScript CSS
https://github.com/BlueFern/DBiharMesher,FORTRAN Python C++ CMake
https://github.com/BrianGronborg/SU0159Test,Python
https://github.com/CEREMA/com.cerema.cloud,Shell Java
https://github.com/CampusColiving/auth-blueprint-ember-cli,HTML Handlebars JavaScript
https://github.com/Capitalist-Paradise/Capitalist-Paradise-Constitution,HTML
https://github.com/CezaryDanielNowak/CMSMS-cofig-generator,PHP
https://github.com/ChainGangChase/cgc-game,Java
https://github.com/ChanJLee/ChanKugouLayout,Java
https://github.com/CharlieMurphy712/ssqlib,C#
https://github.com/Chilledheart/libwebsockets,Perl Shell C NSIS Objective-C Makefile HTML CMake
https://github.com/ChoicesWang/MangoWeather,Java
https://github.com/Chosko/jekyll-template,Ruby JavaScript HTML CSS
https://github.com/ChrisNikkel/Triangle,F#
https://github.com/ChristianSchlake/vokabeln,PHP CSS JavaScript Shell
https://github.com/CiscoCloud/Shipped-Learning-Labs,Shell HTML Batchfile
https://github.com/ClearBlade/Python-API,Python
https://github.com/CodeFalling/codefalling.github.io,Shell HTML
https://github.com/Codewars/deprecated-codewars-docker,Shell Python JavaScript CoffeeScript
https://github.com/Comingle/Mod-Sketch,C Arduino
https://github.com/ComiteGrimoire/GrimMinecraftModTuto,Java
https://github.com/Csluikidikilest/Bm2sBO,JavaScript HTML CSS C# ASP
https://github.com/D3VON/java_exercises,Java
https://github.com/DallasElleman/APMD,Arduino
https://github.com/DataDecks/DataDecks-Data,JavaScript
https://github.com/DaveSpivey/touchtone,JavaScript HTML CSS
https://github.com/David-Nicollas/po-homework,C
https://github.com/DavidPiper94/MetaheuristicKit,Shell Objective-C Ruby Swift
https://github.com/Davidblkx/SimpleMemoryDB,C#
https://github.com/Daz2345/meteor-ios,Ruby Shell JavaScript HTML CSS Objective-C
https://github.com/DerekSeverson/AngularJS-StyleGuide-IonicApp,JavaScript CSS
https://github.com/DevaHack/DevaHack.github.io,CSS Ruby JavaScript HTML
https://github.com/DmitryErmolchik/NestIntegration,Java
https://github.com/Doap/revolution-racer,PHP
https://github.com/DrewNaylor/UXL-Launcher,Visual Basic
https://github.com/EJahren/haskell-sdl2,Haskell
https://github.com/EZ-NET/ESTestKit,Swift Ruby Objective-C
https://github.com/EdgarVaguencia/replaceWord,PHP JavaScript
https://github.com/EdwardTo/edwardto.github.io,HTML JavaScript PHP CSS
https://github.com/Electrode-iOS/ELLog,Swift Objective-C
https://github.com/ElvisKang/spf13-vim,Batchfile VimL Shell
https://github.com/EndPointCorp/qtile,Shell Makefile Python
https://github.com/Engine-Treasure/shadowsocks-android,Objective-C CMake DIGITAL Command Language Groff HTML Java Lex C++ C Batchfile Assembly eC Yacc XSLT XS Makefile Shell Scala Python Perl PHP
https://github.com/Equilibrium-Web/Event-Organizer,JavaScript Batchfile CSS HTML
https://github.com/Evander7/Tequila-stocktake,Python
https://github.com/ExPHAT/glaze,Shell C++
https://github.com/F4-Group/node-apn,JavaScript
https://github.com/FRC-RoboLib/RoboLib,Java
https://github.com/FTCr/d2clr,Makefile C Shell
https://github.com/Faqer/TES,Lua
https://github.com/FauDroids/FlippyPairs,Java Shell
https://github.com/Fraass/FIRM,R
https://github.com/FrankChippan/ACEDrawingView,Ruby Objective-C
https://github.com/FreddieWitherden/libforensic1394,C Python C++
https://github.com/FreeWPTP/single-post-meta-manager,PHP CSS
https://github.com/FulcrumTechnologies/flyway,Groovy PLSQL PLpgSQL SQLPL Shell Scala HTML Batchfile Java
https://github.com/GNOME/gnome-calendar,CSS C Shell Makefile M4
https://github.com/GNU-Pony/bash.d,Makefile Shell
https://github.com/GOVTNZ/phptweaks,PHP
https://github.com/GalaxyTab101/samsung-kernel-galaxytab101,ASP VimL SuperCollider Shell Python Perl Objective-C C++ C Assembly
https://github.com/Ganneff/puppetgo,Shell
https://github.com/Geodan/gost,CSS Shell Nginx Go Batchfile HTML JavaScript
https://github.com/GerHobbelt/d3-tip,CSS JavaScript
https://github.com/GiraldoA/AndresGawesomenauts,CSS HTML JavaScript PHP
https://github.com/GreatBigBushyBeard/PAYDAY-2-BeardLib,Lua
https://github.com/Guicai-Li/SSLabelDemo,Objective-C
https://github.com/HeadspringLabs/Ferdinand,C#
https://github.com/HokageYeah/MBProgressHUD,Objective-C Ruby
https://github.com/Hussu/jobdesk,HTML CSS ApacheConf JavaScript PHP
https://github.com/ITpC/QueueManager,Makefile C++ C Shell
https://github.com/IdealMarketingMeran/tx_openemm,HTML ApacheConf PHP JavaScript
https://github.com/ImagingInformatics/hackathon-dataset,Ruby HTML
https://github.com/IsaacYung/Learn-Ruby-on-Rails,Ruby JavaScript HTML CSS CoffeeScript
https://github.com/IvS-KULeuven/ComboCode,Assembly Makefile OpenEdge ABL Logos Limbo Jasmin Groff Gnuplot GLSL GAP Python R Red Verilog E Yacc Coq Common Lisp C Brainfuck Matlab
https://github.com/J3rome/socialite,PHP
https://github.com/Jacajack/the-game,Makefile C++
https://github.com/JacekPliszka/xsd_expand,Python
https://github.com/Jalalhejazi/node-step-by-step,JavaScript
https://github.com/JamesSkemp/AspNetMvcVersions,ASP C# JavaScript
https://github.com/Jankii92/DirSoGen,Python
https://github.com/JathavanSriram/jathavansriram.github.io,CSS Groff HTML JavaScript
https://github.com/JeffLutzenberger/jsFlowGame,JavaScript
https://github.com/JoelJ/Templating,JavaScript Java
https://github.com/JompaGlitter/phpmvc-kmom02,ApacheConf PHP JavaScript CSS
https://github.com/JonRiv/media-tag,HTML
https://github.com/JoosepHint/eKool,Java
https://github.com/JordanV/LinkStream,Shell C++ Makefile Python
https://github.com/JorgeUlises/parqueaderos,JavaScript HTML CSS Go Shell
https://github.com/JoshData/official.dccode.gov,Shell JavaScript CSS
https://github.com/Joypricecorp/b.com,PHP CSS
https://github.com/JsonChiu/angular-dragdrop,JavaScript HTML
https://github.com/KIBOU811/LoveWholeNumber,C#
https://github.com/KaloyanMarshalov/Team-Pisco-Sour,JavaScript Handlebars HTML CSS
https://github.com/Kerosene2000/selection-counter,CSS CoffeeScript
https://github.com/KgDesignes/closure-library,C# Python JavaScript
https://github.com/Kipperlenny/ginger-message,PHP
https://github.com/Kr0na/krux,JavaScript
https://github.com/Laukien/SimpleTextReplace,C
https://github.com/LilEssam/SQLi-Protector,PHP
https://github.com/Links2004/arduinoWebSockets,C++ HTML JavaScript C
https://github.com/LuisDiazUgena/spider-robot-project,Arduino KiCad
https://github.com/LukeCarrier/py3k-pyrg,Python
https://github.com/Lyoshka/goto,CSS JavaScript Shell HTML ApacheConf PHP Batchfile
https://github.com/M3etis/city-advertising,CSS HTML JavaScript
https://github.com/MMquant/BFX-lending-bot,M Matlab Objective-C Shell
https://github.com/Mahendran-Sakkarai/Progression,Java
https://github.com/MahirZukic/MassSocialEventSender,HTML CSS JavaScript
https://github.com/ManagementCenterInnsbruck/Flying-PCB,Java HTML Eagle Batchfile JavaScript C C++ LSL CSS Makefile Objective-C D TeX Perl Assembly
https://github.com/Marco57/gsb,CSS PHP
https://github.com/MartyMacGyver/gothlife,Go
https://github.com/MiCHiLU/flatbuffers,Batchfile JavaScript Makefile PHP Protocol Buffer Python Shell Java Go C# CMake C++
https://github.com/Michal-sk/TargetSMS,PHP
https://github.com/Microsoft/PartsUnlimited,C# CSS Groovy JavaScript PowerShell Smalltalk
https://github.com/MinerFil/PlotVote,Java
https://github.com/MisterJames/CollidR,ASP C# CSS JavaScript PowerShell Shell
https://github.com/MolajoPlugins/Login,PHP
https://github.com/MolnarClay/Notley,JavaScript CSS HTML
https://github.com/Mr1024/grunt-anyreplace,JavaScript HTML
https://github.com/MrDunne/myblockchain,Scilab SourcePawn Visual Basic XSLT Yacc Shell ActionScript Assembly Awk Batchfile C C++ CMake CSS DTrace GAP Groff HTML Java JavaScript Lex Makefile Objective-C PHP PLSQL PLpgSQL Pascal Perl Python R SQLPL
https://github.com/MrHodge/Venorum,CSS Smarty ApacheConf PHP JavaScript HTML
https://github.com/MrLobo/PhyDemo,C C++
https://github.com/MrMarvin/varstack,Python
https://github.com/MrSnede/BalancingWheelRobot,Shell Python
https://github.com/MrTimcakes/hider,HTML JavaScript
https://github.com/MrWebCompany/EidosCMF,CSS HTML JavaScript PHP ApacheConf
https://github.com/Mvhls/Grouples,CSS JavaScript CoffeeScript Ruby
https://github.com/NASA-rocket-science/NASA-rocket-science.github.io,JavaScript Ruby HTML CSS
https://github.com/NarayanChakraborty/Shop-Management-System,CSS PHP JavaScript HTML
https://github.com/Nemo08/osmpoisearchbot,Go
https://github.com/Nerdboy314/Mother-Day,CSS HTML
https://github.com/NervosaX/django-templatesadmin,Python
https://github.com/NewtonOptimization/SEP-QN,TeX Perl Matlab C Limbo M
https://github.com/Niksdope/Asynchronous-RMI-Service,Java CSS
https://github.com/OLC-Bioinformatics/ssPCR-pipeline,Perl
https://github.com/OWASP/NINJA-PingU,C++ Shell Python C
https://github.com/Obeythecreed/kappavision-old,TypeScript CSS HTML JavaScript
https://github.com/Odinman/gorp,Go Shell Makefile
https://github.com/OnecloudVideo/ios-sdk,Objective-C Swift
https://github.com/Oozenthor/zXml,Prolog C++
https://github.com/PascalSchumacher/groovy-website,JavaScript CSS Groovy
https://github.com/PendoNL/laravel-exact-online,HTML PHP
https://github.com/PenguinPaul/afp,PHP
https://github.com/Philonous/prototyper,Haskell
https://github.com/PlainSight/lunchtime,HTML JavaScript CSS
https://github.com/Polytechnique-org/django-authgroupex,Python
https://github.com/PowerShell/WmiNamespaceSecurity,PowerShell
https://github.com/PrashantMangukiya/SwiftMKMapViewDemo,Swift
https://github.com/ProofGeneral/proofgeneral.github.io,CSS HTML Ruby JavaScript
https://github.com/Qeti/Yii2PODataAdapter,PHP
https://github.com/Quagga/people-jocke,C Shell
https://github.com/QuinceySun/Python,Python HTML
https://github.com/Rgui/REndo_1.0,R
https://github.com/Riron/DefinitelyTyped,TypeScript Protocol Buffer CoffeeScript
https://github.com/RiteshAgrawal/Coursera-dl,Python
https://github.com/RobertNorthard/knife-cookbook-doc,Ruby
https://github.com/RobotML/RobotML-SDK-Juno,Lua C++ CSS D Shell Python Objective-C Java
https://github.com/RuddockHouse/RuddockWebsite,CSS JavaScript Python HTML
https://github.com/Rupellab/sonde-reader,HTML CSS JavaScript
https://github.com/RyanTech/HLGoTimer,Objective-C Ruby
https://github.com/RyanTech/RSDayFlow,Ruby Makefile Objective-C
https://github.com/SLASH2NL/nats-prometheus,Go
https://github.com/SOSWEB-CH/atelier-rl,PHP CSS JavaScript
https://github.com/SStilson/website,JavaScript HTML CSS
https://github.com/SahaSwarup/lock-a-folder,AutoIt NSIS Batchfile
https://github.com/SceptreData/fluxLua,C Lua
https://github.com/SeerUK/jenkins-styledconsole-plugin,JavaScript CSS Java
https://github.com/Selcome/SelcomeWebSite,JavaScript CSS
https://github.com/SenexBuda/PMLCP,HTML
https://github.com/SergeyPutyrskiy/angular2-weather-app,CSS HTML JavaScript TypeScript
https://github.com/Seteh/DevExtreme-Data-Parse,JavaScript
https://github.com/SevenW/Plugwise-2-py,HTML JavaScript Python Shell CSS
https://github.com/Skalar/floorplanner,Ruby
https://github.com/Skogetroll/Result,Ruby Swift Objective-C
https://github.com/Sofdroid/MaterializeYourApp,Java
https://github.com/Sonerezh/sonerezh,Shell ApacheConf Batchfile CSS JavaScript PHP
https://github.com/SouthAfricaDigitalScience/java-openjdk-deploy,Shell
https://github.com/SpainTrain/atom-autocomplete-modules,JavaScript
https://github.com/StefanHamminga/tz-bounce,JavaScript Shell
https://github.com/StephenWang7971/EndOfMonth,Groovy Java
https://github.com/Sushil2631/drupal8,Shell ApacheConf CSS HTML JavaScript PHP
https://github.com/Swiftosis/Alamofire,Ruby Objective-C Swift
https://github.com/TCL-America/MMScrollPresenter,Ruby Objective-C
https://github.com/TGS-App/API,JavaScript
https://github.com/TealCube/tribes,Java
https://github.com/TeamHorizon/android_kernel_htc_endeavoru,Awk Assembly ASP Yacc UnrealScript SourcePawn Shell Scilab Python Perl Objective-C Makefile Lex Groff Clojure C++ C
https://github.com/TheMetabyte/spring-fundamentals,Java
https://github.com/Theodus/jennet,Pony
https://github.com/ThoughtWorksInc/sbt-rest-rpc,Scala Shell
https://github.com/Tierion/blockchain-anchor,JavaScript
https://github.com/TikiKitchen/ohana_sea,JavaScript PHP CSS
https://github.com/Tikubonn/sara.el,Emacs Lisp
https://github.com/Toady00/mcp_base,CSS Ruby JavaScript
https://github.com/TomHAnderson/SoliantDoctrineQueue,PHP
https://github.com/TomNomNom/phpwol,PHP
https://github.com/TrevorBurnham/dotfiles,Shell
https://github.com/TroniPM/Sigax,Java
https://github.com/TruckersMP/API-Client,PHP
https://github.com/Trult/wysihtml,JavaScript HTML
https://github.com/TutorsPro/OurProject,PHP Batchfile CSS HTML
https://github.com/Upchurch/colorjs,JavaScript
https://github.com/Urigo/angular-embedly,JavaScript
https://github.com/UshiDesign/kung-fu,PHP CSS
https://github.com/VEKsoftware/yii2-report-manager,PHP
https://github.com/VRToxin-Devices/android_kernel_google_msm,Shell Scilab Python Yacc UnrealScript SourcePawn ASP Assembly Awk Brainfuck C C++ Clojure Groff Lex Makefile Objective-C Perl
https://github.com/VarunBarad/google-code-jam,Python
https://github.com/Velrok/file-based-buffer,Clojure
https://github.com/WanderWiki/WanderWiki-client,Java
https://github.com/Weenkus/Machine-Learning-University-of-Washington,Jupyter Notebook
https://github.com/WeltN24/SwiftFilePath,Swift Ruby Objective-C
https://github.com/Wenzel/wenzel.github.io,HTML CSS Ruby
https://github.com/WindyDarian/Vulkan_HelloWorld,C++ CMake Batchfile GLSL
https://github.com/WoozChucky/ShortestCommonSupertring,C#
https://github.com/XMrVertigoX/STM32F3DISCOVERY,C++ C Shell Assembly Batchfile Makefile GDB
https://github.com/YeLee/fcitx-yatable,C
https://github.com/Yiiu/webpack-vue,JavaScript Vue HTML
https://github.com/Yoshi9288/PeachyNAND,Makefile C++ C Assembly Python
https://github.com/ZhouWeikuan/cocos2d,C++ Java Objective-C Perl Python Racket Shell C
https://github.com/aaron-goshine/django-react,Python JavaScript
https://github.com/aaronlidman/openstreetPOIs,Python
https://github.com/abcdef123/stem,Shell Python
https://github.com/abmti/colaeleitoral-ios,Objective-C Ruby
https://github.com/abourazanis/muzei-wallbase.cc,Groovy Java
https://github.com/acm-uiuc/sigplan,CSS JavaScript Haskell HTML
https://github.com/acoderleex/acoderleex.github.io,JavaScript CSS HTML
https://github.com/adamantmc/Chroma,HTML JavaScript CSS
https://github.com/adamcin/Bond,Swift Ruby C++
https://github.com/adamofsky/ayGallery,JavaScript HTML
https://github.com/adamse/haddock,CSS TeX Shell Makefile JavaScript Haskell HTML
https://github.com/addisonhuddy/pmnews,Ruby CSS CoffeeScript JavaScript
https://github.com/adobe-webplatform/Demo-for-Alice-s-Adventures-in-Wonderland,HTML JavaScript CSS
https://github.com/adonaac/popo,Lua
https://github.com/adrian-preda/adiwoowp,PHP JavaScript CSS ApacheConf
https://github.com/adriancarriger/udacity-meetup,JavaScript TypeScript CSS HTML
https://github.com/aearly/clj-graph,Clojure JavaScript
https://github.com/aemare/amofrontend,CSS JavaScript HTML
https://github.com/aerosol/barrel,Erlang Shell
https://github.com/afrdt/Divergence,Arduino
https://github.com/afternoon/protractor-browsermob-test,JavaScript
https://github.com/agvergara/Assembler,Assembly
https://github.com/ahmadhmoud/webviewPlugin,HTML
https://github.com/aistis-/eve-framework-example,Python
https://github.com/aitbw/my-dot-files-and-settings,Shell
https://github.com/ajaysingh452/openfire,Shell Makefile
https://github.com/ajscape/PixaToon,Makefile Java C++
https://github.com/akiskip/KoDeMat-Collaboration-Platform-Application,HTML GLSL CSS Batchfile Shell JavaScript Java
https://github.com/akshgpt25/prchny,Java
https://github.com/alcohol/composer,PHP Hack
https://github.com/alejandro-mc/trees,Python Jupyter Notebook
https://github.com/alexbinary/flexable,CSS
https://github.com/alexhillc/oh-my-zsh,Shell Ruby Python Perl Makefile Groff
https://github.com/alexklibisz/gulp-server-seed,JavaScript HTML
https://github.com/alexsaves/handydevserver,JavaScript
https://github.com/alextech/zftutorial,PHP
https://github.com/aliencube/Feed-Schemata,C# Shell
https://github.com/alisson446/redux-firebase,JavaScript HTML
https://github.com/allisonklopp/map-demo,Java
https://github.com/altvec/epg_downloader,Python
https://github.com/alu0100537031/prct12,Shell Ruby JavaScript CSS
https://github.com/alump/GoFullScreen,Java CSS
https://github.com/aminb/dotfiles-old,Shell VimL
https://github.com/amiremadmarvasti/cuda-convnet2,C++ Cuda Makefile Python Shell
https://github.com/amohanta/rspamd,C++ CMake Lua Objective-C PHP Perl Standard ML Shell Assembly C
https://github.com/ananyacleetus/magiksite,PHP CSS JavaScript
https://github.com/andeersg/vianett-php,PHP
https://github.com/andrew-ware/wedding-registry,JavaScript HTML CSS
https://github.com/android-yanwen/dehong_quangongneng,C C++ Shell Makefile Java
https://github.com/andyzsf/edx_data_research,Python Shell
https://github.com/anouarabdsslm/laravel-paypalpayment,PHP
https://github.com/antFaiz5z/okhttp,Java HTML Shell CSS
https://github.com/antipatico/ssh-key-service,Shell
https://github.com/antmicro/TermSharp,C#
https://github.com/anykeyh/kstats-node,Shell Ruby
https://github.com/aoetk/social-bookmark-viewer-fx,Java CSS
https://github.com/apoorvalal/misc_stata_ados,TeX Stata
https://github.com/aporeto-inc/trireme,C Shell Go
https://github.com/appccelerate/commandlineparser,C#
https://github.com/appium/flaky,AppleScript Ruby
https://github.com/arjamizo/wombattraining,Shell C++ Makefile C
https://github.com/arsgeografica/kinderstadt,Makefile HTML Python
https://github.com/arslanabbasi/bcc,CMake Yacc Shell Python Limbo LLVM HTML C++ C
https://github.com/arstropica/at_preview_plugin,HTML PHP
https://github.com/artscoop/django-maintenance,Python
https://github.com/arturopaz/sgroupmeeting,CSS HTML JavaScript Ruby Shell
https://github.com/arxangel008/HelloWorld,Batchfile CSS Groovy JavaScript
https://github.com/asaaki/vote-schulze,Ruby
https://github.com/asampley/CMPUT301,Java
https://github.com/ashic/bikeshare-data-product,R CSS JavaScript
https://github.com/ashleygwilliams/tyr,JavaScript
https://github.com/aslatter/hmumps,TeX Shell Haskell
https://github.com/asmodehn/flask-restful,Makefile Python
https://github.com/aspectron/iris-twitter,JavaScript
https://github.com/assanee/chromium-webview-samples,Java CSS HTML JavaScript
https://github.com/astynax/about-elm,CSS Elm HTML Makefile
https://github.com/ateoto/debian,Shell Ruby Makefile
https://github.com/atrilla/magnus,Shell Matlab Java
https://github.com/atul-bhouraskar/django,Shell Smarty CSS HTML JavaScript Makefile Python
https://github.com/ausaccessfed/rapid-rack,Ruby
https://github.com/austinkregel/laravel-auth-login,PHP HTML
https://github.com/aws-tools/py-flask-signup,Python
https://github.com/axionix/ax.game,Common Lisp Protocol Buffer
https://github.com/ayann/ayann.github.io,CSS HTML JavaScript Ruby
https://github.com/azamatus/afm,PHP JavaScript CSS
https://github.com/azuqua/azuqua.rb,Ruby
https://github.com/b3dgs/warcraft-remake,Java
https://github.com/backdrop-contrib/disqus,PHP JavaScript
https://github.com/baghayi/StrategyValidator,PHP
https://github.com/baijian/AhoCorasick-PHP,PHP
https://github.com/baijund/pw-manager,JavaScript
https://github.com/balodja/fault-tree-dia,Shell
https://github.com/bartronx7/workoutbook,JavaScript CSS D Java
https://github.com/bashism/pass-dialog,Shell
https://github.com/batuorhanalp/HizLimiti,Objective-C Swift
https://github.com/bbriggs/Legobot-examples,Python
https://github.com/bdbergeron/BDBOAuth1Manager,Ruby Objective-C
https://github.com/bdvholmes/dotfiles,VimL Ruby Shell
https://github.com/bedofrazors/portfolio_bootstrap,HTML CSS JavaScript
https://github.com/benatkin/outliner.js,JavaScript
https://github.com/bencz/nl,C# Batchfile C HTML C++
https://github.com/bendroid/vulcanize,HTML CSS JavaScript
https://github.com/bendrucker/utmify,JavaScript
https://github.com/benjoox/handyrosters,CSS HTML JavaScript
https://github.com/benkutil/omf-dotfiles,Shell
https://github.com/bercut497/hlds-vagrant,SourcePawn Shell Smarty PHP PAWN C++ Batchfile
https://github.com/bernardo-macedo/custom-maps,Java
https://github.com/berndruecker/mule-camunda-24,Java
https://github.com/berryliu/fis3-postpackager-hxq-load-file,JavaScript
https://github.com/beta/tencent-weibo-api,Java
https://github.com/betrakiss/HackFMI6-SmartFeeder,HTML JavaScript C# Arduino CSS C ASP
https://github.com/bfv/spring4oe,Apex OpenEdge ABL TeX
https://github.com/bigpipe/plugin-pouchdb,Shell JavaScript HTML
https://github.com/binocarlos/twitter-profile,JavaScript
https://github.com/biomodels/BIOMD0000000166,Python
https://github.com/bittersweet/push_notifier,Shell Go
https://github.com/bjf/lpad,Go
https://github.com/bjoernweide/pictureflow,JavaScript
https://github.com/blobs/thefacemash,CoffeeScript
https://github.com/boochtek/defaults_plus,Python
https://github.com/bookbottles/ui-calendar,JavaScript HTML CSS
https://github.com/boufouss/google-api-php-client,HTML PHP CSS Shell
https://github.com/boundary/sigar,Perl XS Shell Ruby Python PHP Makefile M4 Lua Java HTML Erlang CMake C++ C# C Batchfile
https://github.com/bournex/googletest,Shell C++ CMake Makefile Python
https://github.com/boviex/quiet-island,CSS
https://github.com/bpeel/tractordodge,C
https://github.com/braceio/charts,CSS Python
https://github.com/breezyplease/static-scoremod,SourcePawn
https://github.com/brianhassett19/ML,Java
https://github.com/brocoo/brocoo.github.io,Ruby CSS HTML
https://github.com/brokenman/xfce,Shell C
https://github.com/brunocodutra/cmake-utilities,CMake
https://github.com/bschuedzig/postcss_sample,CSS JavaScript
https://github.com/buddycloud/channel-directory,Java Shell
https://github.com/buffalohird/Marfalo-and-Bark,JavaScript Perl Python Shell
https://github.com/bulho/homeCards,JavaScript HTML
https://github.com/buoto/hexo-theme-light,JavaScript CSS
https://github.com/burningheart/ChinaDNS-Python,DIGITAL Command Language Batchfile Python
https://github.com/caitp/fullscreen.js,JavaScript
https://github.com/callahanchris/redux-combine-actions,JavaScript
https://github.com/camdenb/camdenb.github.io,JavaScript HTML CSS Ruby
https://github.com/canal-io/canal-server,TypeScript
https://github.com/carabina/SwiftUtilities,C++ Objective-C Objective-C++ Shell Swift
https://github.com/carltonwhitehead/javafx-text-hasher,Java
https://github.com/carlvlewis/recharts,CSS JavaScript R HTML
https://github.com/cartman300/Peeper,C#
https://github.com/casiopea/m-edo,HTML CSS JavaScript
https://github.com/castorm/dotfiles,Shell JavaScript
https://github.com/catexoxo/google-blog-converters-appengine,HTML Python Shell
https://github.com/cavernicola/geoip_andorid,Python
https://github.com/ccraig/file-bucket,Go
https://github.com/ccto/python-notebook,Python
https://github.com/cdeguzman/DLSUTCS,PHP CSS HTML Java JavaScript
https://github.com/cdpalmer/pictureframe,Ruby Shell
https://github.com/cesi02/cesi02.github.io,Shell Ruby JavaScript HTML CSS PHP
https://github.com/cfossace/crits,CSS ApacheConf Shell Python JavaScript HTML
https://github.com/cghubbard/gpu-fish,Cuda Makefile C++
https://github.com/charlax/python-education,Python
https://github.com/chet0xhenry/GoldenCheetah,Makefile Python Perl Objective-C++ Ruby Objective-C Shell TeX TypeScript JavaScript Java Gnuplot CSS C++ C Bison
https://github.com/chinagrowing/coolweather,Java
https://github.com/chrisJohn404/kipling-cli,JavaScript
https://github.com/chrisdlangton/node-tickets,HTML CSS Batchfile Shell JavaScript
https://github.com/chrisekelley/Android-Couchbase-Tangerine,Perl Shell Erlang Ruby Java JavaScript
https://github.com/christoffkok/auxi.0,Python Jupyter Notebook TeX Shell
https://github.com/chtake/WindowsPhone.OwnCloud-Client,C#
https://github.com/chtiJBUG/chtijbug-docker-base,Shell
https://github.com/cilium-team/docker-collector,Makefile Go Shell
https://github.com/clarkwinkelmann/GPUTweak,Shell C++ QMake
https://github.com/cloudformdesign/micropython,C Assembly Shell Makefile Objective-C C++ HTML Python
https://github.com/cloudfoundry-attic/defekts,Ruby
https://github.com/cmartello/hunter,Python Shell
https://github.com/cmuench/n98-gitosis-admin,PHP CSS JavaScript
https://github.com/cnosuke/docker-ruboty,Ruby
https://github.com/cocoanton/grunt-remotesave,JavaScript
https://github.com/cocuh/WallpaperChanger,Python
https://github.com/code-google-com/gpicsync,Python ApacheConf
https://github.com/codersimple/DesignPattern,Java
https://github.com/colinodell/commonmark,PHP
https://github.com/colinsauze/ardupilot,Python Shell Matlab Objective-C C C# C++ CSS Perl Processing
https://github.com/congyh/spring-recipes,Java HTML
https://github.com/constructions-incongrues/net.constructions-incongrues.email-controller-addons,PHP
https://github.com/contra/jif,JavaScript
https://github.com/cortext/geoclust,Java
https://github.com/coultonvento/CVCustomActionSheet,Objective-C Ruby
https://github.com/cph/star,Ruby
https://github.com/cpressey/The-Shortbread-Rocketship,Shell Python
https://github.com/craftercms/commerce,Java
https://github.com/cryptocall/csipsimple,C++ D C JavaScript Matlab Objective-C Assembly Python Shell Java
https://github.com/crystalcyril/txmagiccardbot,Java
https://github.com/csivwildelake/battleship,Java
https://github.com/cstony0917/my-sublime-text-key-binding,JavaScript
https://github.com/cuni0716/characterMaker,Java
https://github.com/cuwire/viewee,HTML Eagle CSS JavaScript Go KiCad
https://github.com/cwaldbieser/txsshadmin,Python
https://github.com/cxfreeio/purescript-sets,PureScript
https://github.com/cxr29/scrud,Go
https://github.com/cybercatalyst/qtwebserver,QMake C++
https://github.com/daanvanhulst/dvhClickOnEdit,CSS JavaScript HTML Batchfile TypeScript
https://github.com/daasbank/daasbank-kinetic-c-,CMake C++ C
https://github.com/dahaode/bigine.c2d,JavaScript TypeScript
https://github.com/dani-sj/evildany,Lua Shell
https://github.com/danieldrrivera/gitconfig,Batchfile
https://github.com/danielfranca/PAL,Python
https://github.com/danposch/ccns,C++ Shell QMake
https://github.com/danxmoran/personal-website,HTML CSS JavaScript Scala
https://github.com/danydoerr/large_syn_workflow,Shell Python
https://github.com/darius/sturm,Python
https://github.com/darthlukan/gone,Go
https://github.com/darul75/agent007,JavaScript
https://github.com/darylmathison/github-user-queries,Python HTML
https://github.com/dassi/seashell,Shell Ruby
https://github.com/dasuxullebt/tddp,C
https://github.com/daumiller/iSym,C Objective-C C++
https://github.com/davepacheco/fspopulate,C Makefile
https://github.com/davi-mbatista/flexmix,CSS
https://github.com/davidak/satzgenerator,Shell Ruby Python C Perl Makefile JavaScript Java Crystal
https://github.com/davidepedone/angular-google-places-map,HTML JavaScript CSS
https://github.com/davidhostios/davidhostios.github.io,HTML CSS
https://github.com/davidvgus/rebuilding_rails,Ruby
https://github.com/dboydor/java-css,Java
https://github.com/dcbishop/py-shell-alias,Python
https://github.com/dcc4e/cckeytools,Python
https://github.com/ddidier/slick_map_css-rails,Ruby
https://github.com/ddliu/node-svn-spawn,JavaScript Shell
https://github.com/ddonofrio/LibelulaAutoShop,Java
https://github.com/dekadentno/naughtypy,Python
https://github.com/delacruzsippel/tab-back-stack,Java Shell Groovy
https://github.com/democratech/pages,Ruby Shell HTML
https://github.com/dendevs/plpredirect,HTML Shell PHP JavaScript
https://github.com/dergunov/C-to-Java-Bytecode,Java
https://github.com/developerdizzle/chain-of-responsibility,HTML CSS JavaScript
https://github.com/developmentseed/vt-geojson,JavaScript
https://github.com/devlua/DEVPRO.get,Makefile Shell Python Perl M4 Lua Groff C Awk
https://github.com/dflax/CookieCrunch,Swift
https://github.com/dg3feiko/challenge,JavaScript
https://github.com/dgoffredo/fix-cpp-warnings,C++ Python
https://github.com/dgonyeo/rkt,C Go Shell Protocol Buffer Makefile M4
https://github.com/dideriksn/Alectia,Ruby PHP JavaScript HTML CSS
https://github.com/diegohdorta/buildroot-qt,Shell
https://github.com/dieze/DzCoverLetterMaker,TeX Perl
https://github.com/dimhold/cool-projects.com,Shell
https://github.com/dimosthenes/dimosthenes.github.io,CSS HTML
https://github.com/dinkel/pebble,Ruby
https://github.com/djcb/ttx,C++ C Shell
https://github.com/dkm/pyou-accelerator,Python
https://github.com/dlid/cdbyuml,PHP
https://github.com/dliu-aa/Jenkins-test,Swift
https://github.com/dmfilho/utime,C
https://github.com/doctorparadox/slacknode,JavaScript
https://github.com/dommert/flask-security,Python HTML
https://github.com/dongyuzheng/chef-provisioning-opennebula,Ruby
https://github.com/donhackman/Suburban,CSS JavaScript PHP HTML
https://github.com/dpb587/microdata-dom.php,PHP
https://github.com/dperson/gogs,Shell
https://github.com/drbean/git-hub,Perl6 Ruby Shell Perl Makefile Groff
https://github.com/drm343/HalfDragon_Bot,Python
https://github.com/drpicox/drpx-id,HTML JavaScript
https://github.com/dsevilla/vagrant-bdge,Shell Ruby Python
https://github.com/dubeme/zappos,JavaScript Shell PowerShell
https://github.com/duboisf/dupp,Haskell
https://github.com/duplamatyi/python-demo,Shell Python JavaScript CSS
https://github.com/dxw/citrulu-api-ruby,Ruby
https://github.com/eLocal/diaclone,Ruby JavaScript
https://github.com/eahanson/imageproxy,Ruby
https://github.com/ebulay/bootstrap,CSS HTML JavaScript Python Shell
https://github.com/ecampuscenter/sp17course101,HTML CSS JavaScript
https://github.com/edno/baloo,PHP
https://github.com/edvinaskrucas/validator-service,PHP
https://github.com/egonw/openchemlib,Java
https://github.com/eivinhb/vagrant_musixtex,Shell
https://github.com/ekg/arfer,C++
https://github.com/elastic/securemock,Java
https://github.com/eliatlarge/ColosseumTournament,Python
https://github.com/ellak-monades-aristeias/ICSee-v1,Java
https://github.com/emacsmirror/pip-requirements,Emacs Lisp
https://github.com/emailforwei/CocoaPodsDemo,Ruby Objective-C
https://github.com/emaphis/emacs.d-2,Emacs Lisp
https://github.com/endiny/ngDraggable,HTML JavaScript
https://github.com/eonum/drg-search,Ruby JavaScript CSS HTML
https://github.com/erickeller/repomir,Shell
https://github.com/erickgnavar/elixir-school,CSS HTML JavaScript Ruby
https://github.com/eriktate/dotfiles,Vim script
https://github.com/eristoddle/Piwik-Ecommerce-for-Zen-Cart-1.5,PHP
https://github.com/erknrio/language-dictionary,PHP ApacheConf JavaScript CSS
https://github.com/ertrzyiks/node-koa-example,JavaScript
https://github.com/es/2048.directory,CSS
https://github.com/eul721/The-Perfect-Pokemon-Team-Balancer,JavaScript CSS C C++ PowerShell Python Shell
https://github.com/ev34j/ev34j,Makefile Java
https://github.com/evandrocoan/MultiModServer,PAWN PHP Shell Smarty SourcePawn Lua HTML CSS Batchfile C++
https://github.com/evansenter/misioneros_de_los_cabos,HTML CSS Ruby JavaScript
https://github.com/evidenceprime/cordova-plugin-inappbrowser,CSS C++ C# HTML Java JavaScript Objective-C QML
https://github.com/evp3103/android.support.v4,Groovy Java
https://github.com/eweilow/SL-monitor,JavaScript CSS
https://github.com/fagongzi/netproxy,Go
https://github.com/fahad19/crypto-js,JavaScript
https://github.com/fakedarren/edamame,JavaScript
https://github.com/fanst1109/trainzf2,HTML ApacheConf CSS PHP
https://github.com/fap-/it-sicherheit-ss16,CSS HTML CoffeeScript Ruby Shell JavaScript
https://github.com/feaster83/distfs-publisher,HTML CSS JavaScript Java
https://github.com/fede53/Composer,JavaScript CSS
https://github.com/felipecustodio/8-puzzle-C,C Makefile
https://github.com/feynmanliang/bachbot,Shell Python Lua
https://github.com/fguchelaar/FGNmeaKit,Objective-C
https://github.com/finsaspa/Caravan,PowerShell Batchfile C C# CSS Common Lisp Roff F# HTML JavaScript Liquid PLSQL
https://github.com/firerap/greenbird-mongoose,JavaScript
https://github.com/firstandthird/overlay,JavaScript CSS
https://github.com/fiv111/RVCalendar,Visual Basic
https://github.com/flavioroth/buildroot-imx53,Shell Perl C Arc C++ CSS Python
https://github.com/floscher/commons-validator,HTML Batchfile Shell Java
https://github.com/foxjazz/memberbase,TypeScript JavaScript HTML CSS
https://github.com/foyplvowlp/yiitest,JavaScript CSS Shell PHP HTML
https://github.com/francescajohnson/CSE-360-Group-9-IPIMS,C++
https://github.com/frantisekpost/cpu-killer,Java
https://github.com/freerunningtech/solidus_paypal_express,HTML Ruby CSS JavaScript
https://github.com/functional-design-workgroup/Http4sPrototype,Scala
https://github.com/futurewhiz/wsc,Java HTML Smalltalk
https://github.com/g0v/cec,PHP LiveScript
https://github.com/gabrielflorit/livecoding,Python CSS Makefile JavaScript
https://github.com/gabrielsallesrg/Sistema,CSS Java
https://github.com/galaktor/autofac-extensions,C#
https://github.com/gares/coq,Coq CSS Shell C C++ Verilog Emacs Lisp TeX OCaml
https://github.com/garth/less.js,JavaScript
https://github.com/gasgastrial/GoldBank,Shell Java
https://github.com/gaugeinteractive/InstallBugfix,PHP
https://github.com/gavinhoward/SmarToDue,Java
https://github.com/gavinsimpson/bennion-frontiers-2015,R
https://github.com/gavrilak/BeanTransitionManager,C Objective-C Shell Ruby
https://github.com/gdbots/query-parser-php,PHP
https://github.com/gdemad/magento-requirejs,JavaScript PHP HTML
https://github.com/gdjsky01/patchwork,Handlebars CSS HTML
https://github.com/georapbox/brackets-angular-snippets,CSS JavaScript
https://github.com/gerardogtn/Gimnasio,C++
https://github.com/germanfr/colorjs,JavaScript
https://github.com/ggice/GH5,HTML CSS JavaScript
https://github.com/ggilrong/Animation-Helper,Java
https://github.com/giabao/gulp-electron,JavaScript HTML CoffeeScript
https://github.com/giftgiverson/cleaningdataproject,R
https://github.com/gintechsystems/GINcose-Android,Java
https://github.com/giovanny-g/Programacion3,C#
https://github.com/gitmitch/AgileBurnup,HTML JavaScript
https://github.com/gitpan/Net-EPP,Perl
https://github.com/gitpan/RDF-LinkedData-NLQuestion,Perl
https://github.com/giuseppe/dockerfile-mode,Emacs Lisp
https://github.com/gjanssens/gnucash,C XSLT TeX Shell Scheme Python Perl Objective-C Makefile M4 JavaScript HTML C++ CMake CSS
https://github.com/gkazuyuki/hackathon-usp,Python JavaScript HTML CSS
https://github.com/glensc/prm,Ruby HTML
https://github.com/gmccue/go-epa-echo,Go
https://github.com/gngrwzrd/UIImageLoader,Objective-C Ruby
https://github.com/go51/model551,Go
https://github.com/gocedoko/lmms2midi,Python
https://github.com/godrei/steps-xamarin-android-archive,Ruby Shell
https://github.com/golebier/JF.RealTimeBigData.All,Java Shell
https://github.com/googlegenomics/beacon-go,Go
https://github.com/gopz4u/ready,C# Objective-C JavaScript Java HTML CSS C++
https://github.com/grahammendick/navigation-angular,JavaScript
https://github.com/grantisu/Atomic-Test,C Python
https://github.com/grappleio/grapple,JavaScript CSS
https://github.com/greatestview/letter,CSS HTML JavaScript
https://github.com/gsora/tfanc,Go
https://github.com/gtrogers/ludum_dare_26,JavaScript
https://github.com/guildhall/guile-sly,Shell Scheme GLSL
https://github.com/guillermoruizalv/tempLaTeX,TeX
https://github.com/gurre/gocrdt,Go
https://github.com/gusmaogabriels/xl2py,Python
https://github.com/guxc/slid,Makefile SMT C++ C
https://github.com/guzart/react-tablis,CSS HTML JavaScript
https://github.com/hackiftekhar/BackgroundAppRunning,Objective-C
https://github.com/hakuch/EmacsConfig,Emacs Lisp
https://github.com/halcyon-labs/blog,JavaScript HTML CSS PHP
https://github.com/hallfox/clojure-guessing-game,Clojure
https://github.com/hamedjuc/persis,Shell
https://github.com/healerkx/ferry,Go Python
https://github.com/hectron/helpmestartup,JavaScript CSS
https://github.com/heltondoria/boxes,Shell Ruby
https://github.com/hemantnile/stm32f4-discovery-SPI,Assembly HTML C++ C
https://github.com/henrik-rostedt/elqs,Haskell JavaScript HTML
https://github.com/hfm/git-prs,Go
https://github.com/hiqdev/yii2-thememanager,JavaScript PHP
https://github.com/hirootkit/Elementors-arm,Batchfile Inno Setup C#
https://github.com/hitsthings/ptamjs,JavaScript
https://github.com/holyfish117/ecGiesskanne,Java
https://github.com/horzelski/orbit,Java
https://github.com/howardjohn/howardjohn.github.io,CSS HTML
https://github.com/hugocbp/jottly,CSS HTML
https://github.com/huonw/ramp,Rust Assembly
https://github.com/i2geo/i2gCurrikiFork,Perl6 JavaScript Java HTML Ruby Shell Erlang CSS Perl
https://github.com/iJavai/Leaguesharp-SDK,C#
https://github.com/iamlukesky/synvinkel,JavaScript CSS HTML
https://github.com/iamstarkov/jquery.imenu,JavaScript
https://github.com/ichadhr/sweetalert,HTML JavaScript CSS
https://github.com/idindrakusuma/simple-login-ci,ApacheConf CSS HTML PHP
https://github.com/idleberg/base16-builder,HTML Shell Ruby
https://github.com/idoo/angular.js,PHP CSS Shell PostScript HTML JavaScript
https://github.com/iemcd/epub2nook,Shell
https://github.com/igroomgrim/TGCameraViewController,Objective-C Ruby
https://github.com/ihurrahi/autotrakttv,Python
https://github.com/ikari7789/capistrano-laravel-test,Ruby Shell
https://github.com/ilgityildirim/google-recaptcha,PHP
https://github.com/ililic/rust-keccak,Rust
https://github.com/ilya-sp/fda,Java
https://github.com/ilyaagarkov/react-redux-starterkit,JavaScript CSS
https://github.com/imsheridan/sheridan,PHP XSLT CSS JavaScript
https://github.com/index1597/Banner,CSS JavaScript PHP
https://github.com/ingenia-api/documatica,Ruby HTML
https://github.com/inkel/fallen,Ruby
https://github.com/inssein/Sylius,ApacheConf PHP JavaScript CSS Gherkin HTML Shell
https://github.com/intellifactory/websharper.visualstudio,F# Batchfile Shell
https://github.com/interjc/todoVue,JavaScript CSS HTML Vue
https://github.com/iparko/iparko.github.io,JavaScript HTML CSS
https://github.com/ipmobiletech/haml-rails,Ruby HTML
https://github.com/iquadrat/raytracer,C++
https://github.com/iremezoff/UGSK-Pulse,CSS HTML JavaScript C#
https://github.com/irfanah/capybara-webkit,C QMake JavaScript Ruby Shell C++
https://github.com/ironweber/jscustomevents,JavaScript
https://github.com/isabanin/mail_diff,Ruby
https://github.com/ishamo/ishamo.github.io,HTML Shell CSS
https://github.com/ismaeltoe/flowlayout,Java
https://github.com/iszak/voice-it-node,HTML JavaScript
https://github.com/itima/spree_contact_us,JavaScript Ruby CSS
https://github.com/itsananderson/adal-token,JavaScript
https://github.com/itstar4tech/mikrotik-hotspot-webinterface,CSS HTML
https://github.com/iwburns/rgb_economy,Rust
https://github.com/ixmaps/trgen,Shell JavaScript Objective-C CSS C++ TeX
https://github.com/ixtreon/musa,C#
https://github.com/j-flinx/hello-world,HTML JavaScript CSS
https://github.com/jNunez1993/NoLookPaste,CSS HTML JavaScript
https://github.com/jakesgordon/capistrano-rsync-hg,Ruby
https://github.com/jaliy/jaliy.github.io,HTML JavaScript CSS Vue
https://github.com/jalogut/DrupalCommerceConnectorBundle,PHP
https://github.com/jamiehumphries/Cheet.NET,C# Shell
https://github.com/jamrizzi/python2path,C#
https://github.com/japaric/stm32.rs,Shell Rust
https://github.com/jaredjennings/puppet-cmits-ip6tables,Puppet
https://github.com/jasphall/CloudManager,Java CSS HTML
https://github.com/java02014/ColorTrackView,Java
https://github.com/jayjaybillings/starscream,C CMake Java
https://github.com/jckdrpr/dotfiles-1,Python Haskell Shell Vim script Ruby
https://github.com/jcrouzet/temporal-search-engine,Python HTML Java Jupyter Notebook
https://github.com/jcuanm/Japan-Digital-Archive,C CSS Shell HTML Java Python JavaScript PHP ApacheConf
https://github.com/jdnavarro/pipes-p2p,Haskell
https://github.com/jeduan/cordova-plugin-crop,Java Objective-C JavaScript
https://github.com/jeffcole/loops,Elm JavaScript HTML Elixir CSS
https://github.com/jenmerline/final_project,HTML
https://github.com/jenny8lee/dumpling-emoji,CSS HTML JavaScript
https://github.com/jennywen/j3,Shell JavaScript
https://github.com/jeremypoulter/QRCodeSource,Shell C C++ M4 Makefile
https://github.com/jfalkner/report_data,HTML Python
https://github.com/jguoguo/androidD,Java
https://github.com/jiblett1000/musicbrainz-player,Python Shell
https://github.com/jidongxiao/hyperps,C Makefile
https://github.com/jingle1267/android-utils,Java
https://github.com/jiripetrlik/fuse-bxms-integ,HTML XSLT Java
https://github.com/jjensenmike/ocdid-parser,Python
https://github.com/jkgohlke/jsutil,JavaScript
https://github.com/jkingsman/SSHaudit,JavaScript
https://github.com/jlaffaye/ftp,Go Shell
https://github.com/jmarshallnz/tvratings,R
https://github.com/jmccaffrey/jrails_in_place_editing,JavaScript Ruby
https://github.com/jmccrary/snippets,Python
https://github.com/jmptrader/twittergo,Go Shell
https://github.com/jnschrag/mybb-HTML-usergroups,PHP
https://github.com/joeartsea/node-red-contrib-radian6,HTML JavaScript
https://github.com/joel/i18n_helper,CSS Ruby JavaScript HTML
https://github.com/joeljons/proguard-maven-plugin,Java Shell
https://github.com/joelortizsosa/Connection-Poppy-Matlab,Python
https://github.com/johnstok/avalanche,Java
https://github.com/jollysean/NelmioSolariumBundle,PHP HTML
https://github.com/jonathansick/pySPS,FORTRAN Python
https://github.com/jonaustin/rails-mpd,CSS Ruby CoffeeScript
https://github.com/jonesdeini/Spiderian,Ruby
https://github.com/joneshf/hinquire,Haskell
https://github.com/jonschlinkert/prettify-markdown,JavaScript
https://github.com/jonstacks13/mercury,Python CSS HTML JavaScript
https://github.com/josch1976/rechtzeitig,Clojure
https://github.com/joseshiru/pl-progress,CSS JavaScript
https://github.com/josl/rbush,HTML JavaScript
https://github.com/jozuko/redmine-docker,Shell
https://github.com/js-ojus/drive,Python Go
https://github.com/jsetting32/JSAnimation,Objective-C Ruby
https://github.com/jtduchesne/Nestled,JavaScript CSS HTML
https://github.com/jtrash/qaop,HTML Java Awk
https://github.com/juandavarju/DAiapp,Python
https://github.com/juanuribeo13/JUOShrinkPresent,Shell C++ C Ruby Objective-C
https://github.com/jugchennaiadoptjava/unit-showcase,Java CSS
https://github.com/junyunuos/dynamicNavigation,Objective-C Ruby
https://github.com/juvee/virastar,CSS JavaScript HTML
https://github.com/jvanzyl/resolver,Java
https://github.com/jwashin/jsonrpc2-dart,HTML Dart
https://github.com/jwende/iib-docker,Shell
https://github.com/jwieder/aliaser,Shell
https://github.com/jwmalara/jwmalara.github.io,ApacheConf JavaScript HTML CSS
https://github.com/kaar/SectraRobot,Python
https://github.com/kabutz/javaspecialists,Java
https://github.com/kamsz/ansible-modules-extras,Shell Python PowerShell
https://github.com/kaoskorobase/hsc3-mixer,Haskell
https://github.com/kapadia/rio-clip,Python
https://github.com/karbowiak/rena-skeleton,HTML PHP
https://github.com/kaseyrussell/kinvey_speed_test,Python
https://github.com/katsuren/Monaca,PHP
https://github.com/katyhuff/berkeley,Makefile HTML PostScript Gnuplot Python C Jupyter Notebook C++ FORTRAN TeX Shell R
https://github.com/kaushalmodi/.emacs.d,Makefile SRecode Template Matlab Shell CSS Emacs Lisp HTML
https://github.com/kbarbounakis/most-java-client,Java
https://github.com/keif/keif.github.io,HTML
https://github.com/ken39arg/fluent-plugin-cloudsearch,Shell Ruby
https://github.com/kenit/gosmtp,Go
https://github.com/kernullist/Rubbish,C++ Objective-C C Batchfile Go
https://github.com/kerryyao/education,CSS JavaScript
https://github.com/keshiim/HCDCoreAnimation,Objective-C
https://github.com/kethle/meanjs-plug,CSS JavaScript Shell
https://github.com/kevinsimper/analyze-meetup-attendees,JavaScript
https://github.com/kgwinnup/react-chatinput,CSS HTML JavaScript
https://github.com/khalidm/ped,Python Makefile
https://github.com/kibatz/mobile-bookmark-bubble,HTML Shell JavaScript
https://github.com/kieran-bamforth/puppet-php,Puppet Ruby Shell HTML Nginx
https://github.com/kifi/Contacts-As-A-Service,Scala
https://github.com/killbug2004/wdbgark,C++ CMake PowerShell Python C Batchfile
https://github.com/kime924/pokedex,PowerShell C#
https://github.com/kinvil/simple-html2canvas-jsPDF,CSS HTML JavaScript
https://github.com/kishanravindra/load-facebook-profile-ios-swift,Objective-C Swift
https://github.com/kivantium/markdown-wiki,JavaScript HTML CSS
https://github.com/kjellberg/php-cache,PHP
https://github.com/kkdawkins/manwe,Python C++ Shell TeX
https://github.com/kklimek/Tlen7Plugins,Prolog C C++
https://github.com/kkrishna/docker-compose-executor,C++ Java
https://github.com/kokizzu/lz4,C Makefile HTML Groff CMake
https://github.com/korin/open_flash_chart_2_plugin,PHP Ruby
https://github.com/kosho/esperf,CMake C++
https://github.com/kosssi/ansible-boilerplate,Shell
https://github.com/kpsychas/logging_recipe,Python
https://github.com/kragej/ativo,Batchfile Ruby CSS PHP JavaScript
https://github.com/kreynes/chirplib,C#
https://github.com/krishnaglick/sails,JavaScript CoffeeScript
https://github.com/kristofa/plantuml-site-example,Java
https://github.com/ksylvest/geography,Objective-C C++ C Shell Ruby
https://github.com/kudago/smart-app-banner,CSS JavaScript HTML
https://github.com/kurkop/openupgradelib,Python
https://github.com/kwatters/program-ab,Java
https://github.com/kwin/jackrabbit-oak,Perl JavaScript CSS Groovy Shell HTML Java
https://github.com/kwonk/newsletter,JavaScript CSS PHP HTML
https://github.com/kwtaylor/FlashPunk,ActionScript
https://github.com/kylejohnson/Patiobar,JavaScript HTML CSS Shell
https://github.com/kylexiao/PAA-Website,CSS PHP JavaScript HTML
https://github.com/kylin1702/linyk-app,JavaScript HTML C++ CSS Ruby C
https://github.com/kym0913/aci,JavaScript PHP HTML CSS ApacheConf
https://github.com/lakshmansrikanth/angular-sphinx,HTML JavaScript PHP
https://github.com/lamenezes/pingo-py,VimL Python Makefile Shell
https://github.com/lancelet/dycer,Haskell
https://github.com/larsch/dot-what,Ruby
https://github.com/lasarobotics/FTC5998-2015,Java HTML
https://github.com/launchdm/rocket,JavaScript CSS PHP
https://github.com/lauraerinmann/eastoflabrea,PHP JavaScript CSS
https://github.com/lavanoid/rxTools,Objective-C Makefile C++ Assembly C Shell
https://github.com/lavelle/dbfs,CoffeeScript
https://github.com/lawrenae/mattermost,Go JavaScript Makefile Ruby HTML CSS Shell
https://github.com/layervault/designer_news_js_client,JavaScript CoffeeScript
https://github.com/lbjay/matterhorn-docker,Shell
https://github.com/leader22/cal,JavaScript HTML
https://github.com/leandroosalas/ble-peripheral,C
https://github.com/lemgandi/3mf2stl,C++ C Shell Makefile
https://github.com/lengstrom/quickedit,Rust
https://github.com/lenovo-k900/android_external_busybox,C++ Awk C Shell Perl AGS Script Assembly Objective-C
https://github.com/leoc/em-fs,Ruby
https://github.com/leocornus/PluploadUtils,PHP
https://github.com/liambeeton/sinatra-kickoff,Ruby
https://github.com/liangjiaxing/sympy,Shell Python Ruby Scheme XSLT
https://github.com/libmtproto/libmtproto,Makefile C++
https://github.com/linuxvom/macchina.io,CSS C++ HTML JavaScript Makefile Objective-C Perl Shell C Batchfile CMake
https://github.com/litui/openparliament,SourcePawn CSS HTML JavaScript Python
https://github.com/lizbeacham/drupal-practice,CSS Shell PHP JavaScript HTML ApacheConf
https://github.com/logofhog/gem,Ruby
https://github.com/lopno/react-game-of-life,JavaScript HTML
https://github.com/lorettahe/ipython-clojure,Shell Clojure Makefile
https://github.com/lpryor/fulcrum-spike,Java
https://github.com/lucasGalupo/Trabalho_Lucas,CSS
https://github.com/luchaoshuai/aspnetboilerplate-samples,C# JavaScript CSS HTML ASP Batchfile
https://github.com/luhuami/code_exercise_clojure,Clojure
https://github.com/lukablurr/n2n_v3,C Shell Python
https://github.com/lukasnalezenec/giraph-utils,Java
https://github.com/lukemerrett/weekly-music-blogger,JavaScript
https://github.com/lumoslabs/campystrano,CSS JavaScript Ruby
https://github.com/lusionx/weibo-ids,CoffeeScript
https://github.com/lyb5834/YBAttributeTextTapForSwfit,Swift
https://github.com/machelix/RTWalkthrough,Objective-C
https://github.com/malcolmsparks/clj-markdown,Clojure
https://github.com/maliubiao/python_ptrace,Python C
https://github.com/manaschaturvedi/oscarbuddy,CSS Makefile JavaScript HTML Shell Python
https://github.com/mandrigin/StandOut,Java
https://github.com/mapbox/geocoding-example,Python PHP JavaScript Shell
https://github.com/mapbox/mapbox-gl-directions,CSS JavaScript HTML
https://github.com/marcgille/thing-it-device-microcontroller,JavaScript HTML
https://github.com/marcphilipp/dbunit-datasetbuilder,Java
https://github.com/marhar/s3cmd,Shell Groff Makefile Perl Python
https://github.com/markembling/Dialify,JavaScript
https://github.com/marketplacer/exchangegroup-api,PHP
https://github.com/markyen/uber-api-sample,JavaScript
https://github.com/martel-innovate/smartsdk-recipes,Python Shell
https://github.com/martiRA/stael,Python
https://github.com/martinbel/cs231n.github.io,CSS JavaScript HTML
https://github.com/martinmenchon/nodbc,Haxe C C++ Makefile
https://github.com/martintama/louis-app,Java
https://github.com/matthewcheok/MCNotificationManager,Ruby Objective-C
https://github.com/maurodec/maurodec.github.io,HTML CSS
https://github.com/maximfrolov/t4-app,Nginx PHP ApacheConf HTML
https://github.com/maxirmx/spaCy,Shell C CSS Groff HTML JavaScript Makefile PostScript Python
https://github.com/maxwilms/bloom-filter,PHP Cucumber
https://github.com/mayurshivakumar/RankCalculation,Go
https://github.com/mbarany/Node-VeraSmartHomeServer,JavaScript Shell
https://github.com/mbartling/multicore-computing,TeX Makefile Java Cuda C
https://github.com/mbgit4/kb-pynet,Python
https://github.com/mbloxlund/cloudhopper-smpp,Java Makefile
https://github.com/mcvela/richui-two,Groovy JavaScript CSS
https://github.com/mdesalvo/RDFSharp.RDFPostgreSQLStore,C#
https://github.com/meowcatcoder/portafolio,HTML JavaScript CSS
https://github.com/merabi777/check,Pascal
https://github.com/mespinosaz/Tournament,Java Shell
https://github.com/meteoric/ionicons-sass,JavaScript CSS
https://github.com/mfouesneau/pyphot,Python
https://github.com/miataru/miataru-client-csharp,C#
https://github.com/michael-hartmann/projects,Python Perl
https://github.com/micw/libfprint,C++ C Shell
https://github.com/mikaelbr/gulp-gitmodified,JavaScript
https://github.com/mikefrey/node-blog-koa,CSS JavaScript
https://github.com/mikehulluk/ProcessManager,Groff HTML CSS Visual Basic JavaScript Python R
https://github.com/mikolalysenko/test-float-overlap,JavaScript
https://github.com/mil/session-xpra,Ruby
https://github.com/milessabin/scala-cont-jvm-coro-talk,Scala Shell Java
https://github.com/mindbat/workqueue,Clojure
https://github.com/mingxuWang/NetEase-Yunketang,HTML CSS
https://github.com/minitools/savvy,Makefile Go
https://github.com/mitchellcash/paycoinresources.org,CSS HTML JavaScript
https://github.com/mixja/mixja.github.io,HTML JavaScript Ruby CSS
https://github.com/miya0001/pb-cli,Shell Ruby
https://github.com/mkorkmaz/selami,PHP
https://github.com/mmusman/BulletProof,Java
https://github.com/modmore/euvatrates.com,ApacheConf HTML
https://github.com/mohsinalimat/TOActionSheet,Objective-C Ruby
https://github.com/moiristo/dynamic_attributes,Ruby
https://github.com/molteber/puz-router,PHP
https://github.com/mones/hydra,Perl CSS
https://github.com/morb1d/WebDeveloperBootcamp,HTML
https://github.com/mozdren/LibPearDataPoint,CSS JavaScript HTML C#
https://github.com/mparticle-integrations/mparticle-apple-integration-appboy,Ruby Objective-C
https://github.com/mpeterv/lua-alt-getopt,Lua Makefile Shell
https://github.com/mrcalvin/xotcl-request-broker,Tcl
https://github.com/msionkin/community-detection,Python
https://github.com/mukundmr/google-analytics-plugin,Java JavaScript Objective-C
https://github.com/mulesoft/geonames-connector,Java
https://github.com/murat8505/ExoPlayer,Shell C++ Java Makefile
https://github.com/muscly/muscly.github.io,Ruby HTML JavaScript PHP Shell CSS
https://github.com/musha68k/exjsx,Elixir
https://github.com/mustafaghayyur/routerlib,ApacheConf PHP
https://github.com/mwgeurts/structure_atlas,Matlab
https://github.com/mwort/modelmanager,Shell Python
https://github.com/mychoices/android-percent-support-extend,Java
https://github.com/mynameiswz/flarum-ext-auth-vk,CSS Shell JavaScript PHP
https://github.com/myrialux/afest2016-schedule,Python
https://github.com/mysociety/sayit,Python JavaScript Shell CSS HTML
https://github.com/n0la/obsd,Makefile
https://github.com/nabor/gasp,JavaScript CSS HTML Vue
https://github.com/nakagami/firebirdsql,C Go
https://github.com/nanokanato/NKCrashReport,Objective-C C
https://github.com/natdempk/UntitledMixtapes,CSS Python
https://github.com/naxhh/seriesly,PHP
https://github.com/ndeet/plg_system_less,PHP HTML JavaScript
https://github.com/ndrsklng/sajten,Shell JavaScript PHP Perl
https://github.com/neos300/shark,Shell C++
https://github.com/nethibernate/jackfruit-protocol,Java
https://github.com/neuhausneuhaus/neuha.us,JavaScript CSS HTML
https://github.com/neuroidss/bitcoin,Shell QMake Python Protocol Buffer Objective-C++ C C++ Objective-C Makefile Java HTML Groff CSS
https://github.com/nfl/gnatsd,Shell Go
https://github.com/nicenemo/Noaber,Visual Basic C#
https://github.com/nicholasryan/belVita,C PHP Shell JavaScript C++
https://github.com/nickpack/Ribs,JavaScript CSS
https://github.com/nickstellato/draw_shapes,Python
https://github.com/nifannn/tiny-web-spider-huajiao,Python
https://github.com/nightspirit/orengeo_pos,CSS HTML JavaScript
https://github.com/nikita-volkov/Robusta,CoffeeScript JavaScript
https://github.com/nikonyrh/elasticaggregator-php,PHP Shell
https://github.com/nil-ableton/pre.qf,C++ Shell
https://github.com/nitishmittal1990/bmart,Shell Perl CSS JavaScript PHP
https://github.com/niucheng/PYBASIC,Python C
https://github.com/nkawahara/SNSbasedOS,Ruby Shell
https://github.com/nlegoff/Phraseanet,Pascal Shell VimL Perl Puppet Ruby CSS JavaScript PHP ActionScript
https://github.com/nodule/path,JavaScript
https://github.com/nodyn/vertx2-core,JavaScript
https://github.com/noeldelgado/image-halt,JavaScript
https://github.com/nofh/postuvite,PHP CSS
https://github.com/nonumber/registry,PHP
https://github.com/noqisofon/snow,C
https://github.com/noranda/adult-assassins-coc,Ruby CSS Handlebars JavaScript CoffeeScript HTML
https://github.com/nosval/DBReplace,PHP
https://github.com/numerodix/pybits,Python
https://github.com/nuttyartist/notes,QMake Makefile Inno Setup Batchfile Shell C++ CSS
https://github.com/nwetjen/getting-started-with-html,HTML
https://github.com/nywillb/hexr_translator,JavaScript HTML CSS
https://github.com/occivink/mpv-scripts,Lua
https://github.com/offtherailz/OpenSDI-Manager2,Java
https://github.com/ole/OBShapedButton,Objective-C Ruby
https://github.com/olt/corsa,Python
https://github.com/omegahm/bohrium,Python Ruby Shell Smarty Matlab Makefile C# C Lex F# C++ CMake
https://github.com/onealtom/ricoboard_kernel,Python Yacc UnrealScript SourcePawn Shell Scilab Perl Objective-C Makefile Lex Groff C++ C Awk Assembly ASP
https://github.com/onjin/pgextrascli,Shell Python
https://github.com/or9/hero-goose,Shell CSS HTML JavaScript
https://github.com/orchidware-project/video-game-uwp-xbox,C Objective-C HLSL C++
https://github.com/osunderdog/RUnit,R Makefile
https://github.com/ottiferous/Chrome-DM,Python HTML
https://github.com/outpunk/evil-icons,CSS HTML JavaScript Ruby
https://github.com/ouzezh/SpringBoot,Java
https://github.com/oxygenxml/S1000D,CSS
https://github.com/pablot/Directions,Go
https://github.com/paked/down,Go HTML CSS
https://github.com/pakyow/pakyow-haml,Ruby
https://github.com/palmd/BALLS,Python TypeScript C C++ Shell Makefile Objective-C++
https://github.com/pasaran/teya,JavaScript Makefile Shell
https://github.com/patrick133t/PLSQL,Java Shell
https://github.com/patrickxb/gulp-iced,JavaScript
https://github.com/paul999/phpbb_2fa,PHP CSS HTML JavaScript Shell
https://github.com/paulbaker3/raw_insert,Ruby
https://github.com/paulja/wordsmith,JavaScript
https://github.com/paulocesar/cvendas,Perl Shell JavaScript PHP
https://github.com/pdlan/dustbin,CSS Objective-C C++ JavaScript
https://github.com/pedromrb/ISI,CSS PHP
https://github.com/peel/hevelius,Ruby
https://github.com/pellaeon/owncloud-ftpquota,Makefile CSS PHP JavaScript
https://github.com/peng1999/vimrc,Vim script
https://github.com/pennyShi/KGFloatingDrawer,Shell Ruby Objective-C Swift C
https://github.com/perkarom/Shark,C Awk Assembly R Shell JavaScript Python SuperCollider VimL ASP XSLT Perl Erlang DOT C++ Objective-C Scilab
https://github.com/petarcurkovic/socket.io,Makefile JavaScript
https://github.com/petebrew/dccd-http,Python Java
https://github.com/phamnhatcn06/yii2-filemanager,CSS JavaScript PHP
https://github.com/philadams/clc,Python
https://github.com/phischu/voxel-populi,HTML Haskell
https://github.com/phofman/protobuf-csharp-port,Shell Batchfile C# HTML Protocol Buffer Python
https://github.com/photoSentinel/OnlyOnce,C++ Makefile
https://github.com/phpboke/ken-yii2,ApacheConf Batchfile CSS HTML JavaScript PHP Shell
https://github.com/phyng/zuobiao,JavaScript Python CSS HTML CoffeeScript
https://github.com/piLinux/funWare,Arduino C Makefile
https://github.com/pierreg256/ticTacSprite,Ruby Swift
https://github.com/pierremarc/auth-request,CSS JavaScript
https://github.com/pikpok/calibre-helion,Python
https://github.com/pipaslot/utils,PHP
https://github.com/pivotal-cf/cf-cassandra-spring-example-app,Java
https://github.com/pivotal/sprout-wrap-sydney,Ruby
https://github.com/pkrulik/Feed-Me-Music,JavaScript PHP CSS
https://github.com/plazowicz/salib,Python
https://github.com/pligo/ICantGo,CSS JavaScript PHP
https://github.com/pmontrasio/phoenix-demo-app,CSS Elixir
https://github.com/popeveryday/POPMediaPicker,Shell Ruby Objective-C
https://github.com/porkupan/cgm-remote-monitor,Makefile JavaScript Shell CSS HTML
https://github.com/potherca-contrib/redshift,Groff Objective-C Python C Shell C++
https://github.com/potterhome/Timeclock,Ruby
https://github.com/poxip/exercises-server,Python
https://github.com/ppazos/groovy_xml,Groovy
https://github.com/prajwalkman/vigil,CoffeeScript Shell
https://github.com/praveenpndr/InspiryMail,Ruby
https://github.com/prdatur/soopfw_module_ldap,PHP JavaScript
https://github.com/presbrey/mqslice,Go
https://github.com/presskey/sushi,Ruby
https://github.com/princesust/webicon,HTML JavaScript CSS
https://github.com/pritamprasd/phonegap-app-desktop,CSS HTML Inno Setup JavaScript Python Ruby Shell AppleScript
https://github.com/projectdanube/xdi2-zephyr,CSS JavaScript Java
https://github.com/proletariatgames/haxe-continuation,Makefile Haxe
https://github.com/psorobka/appium-maven-plugin,Java
https://github.com/pubnub/eon-map,JavaScript
https://github.com/puppetlabs/puppetlabs-iis,PowerShell HTML Ruby
https://github.com/pvdung/jsmodal,JavaScript CSS HTML
https://github.com/pyx/2048-ml,OCaml
https://github.com/qadir227/trackapbus,Java
https://github.com/qianwenming/mapnik,QMake C Shell Python Makefile HTML Emacs Lisp CSS C++
https://github.com/qianyizh/ElasticReconstruction,C Matlab C++
https://github.com/qinqd/Pistachio,Protocol Buffer Thrift Shell Java
https://github.com/qiulang/BitArray,Objective-C
https://github.com/quantiply-fork/origin,JavaScript Awk CSS DIGITAL Command Language Go Shell Groff HTML Ruby Python Makefile
https://github.com/quantixed/IgorImageTools,IGOR Pro
https://github.com/r-lyeh/img2sky,C++ C
https://github.com/r8k/htvworkflow,JavaScript
https://github.com/ra4ul/ra4ul.github.io,HTML
https://github.com/ramainen/doit-only-socket,HTML JavaScript
https://github.com/rameshvarun/RetroBoy,JavaScript HTML Java C++ Objective-C Makefile Lua
https://github.com/random-toto/ftpSearch,Python
https://github.com/raulchacon/wpadmin.py,Python
https://github.com/razmig/redux-react-rest,JavaScript HTML CSS
https://github.com/rcampbell95/Machine-Learning-Coursera,Matlab
https://github.com/rdegraci/locationbase,Objective-C
https://github.com/rdelfin/black-widow,C++ CMake
https://github.com/rednoah/GroovyTableFormat,Java
https://github.com/rekkiem7/gruas,ApacheConf PHP JavaScript HTML CSS
https://github.com/revolsys/ca.bc.gov.open.cpf,Visual Basic Shell HTML Java JavaScript CSS PLSQL Batchfile PLpgSQL SQLPL
https://github.com/rgaida/groupme-api-client,PHP
https://github.com/rhelmer/symbolapi,Rust
https://github.com/riccardocagnasso/useless,Python
https://github.com/richardpiazza/XCServerCoreData,Swift Objective-C Ruby
https://github.com/richhastings/email-components,HTML CSS Smarty JavaScript
https://github.com/rileyjshaw/tinyterm,JavaScript CSS
https://github.com/rimas-kudelis/php-logbook,PHP
https://github.com/ritz078/ng-embed,JavaScript HTML CSS
https://github.com/rizkio23/sm-internship,PHP ApacheConf CSS HTML JavaScript
https://github.com/rizumita/CTFeedback,Objective-C Ruby
https://github.com/rkj/ya2yaml,Ruby
https://github.com/rmallermartins/Madmax-IA,Python
https://github.com/rmn31415/pointp,HTML JavaScript
https://github.com/rmuch/personal_website_sample,Shell Go CSS
https://github.com/robotology/icub-basic-demos,Matlab C++ CMake
https://github.com/robskillington/spotifycast,Objective-C Matlab
https://github.com/robson-fernandes/Rx-components,JavaScript CSS
https://github.com/rodyhaddad/ng-unwrap-promises,JavaScript
https://github.com/rodyo/FEX-toOneLiner,Matlab
https://github.com/rohitsinha54/Missionary-Cannibals-Problem,Common Lisp
https://github.com/romac/mdash,CSS JavaScript HTML Shell
https://github.com/romelanthonysb/mw-details-polyfill,HTML JavaScript
https://github.com/rots87/ASI2-G02-E2-022015,ApacheConf CSS HTML JavaScript PHP
https://github.com/rrevollo/phpbasico,JavaScript CSS HTML PHP
https://github.com/rtucker88/ws-angular,JavaScript CSS
https://github.com/rubyruettiger/eschaton,Ruby
https://github.com/rudraks/cloudinary,PHP
https://github.com/rundis/LightTable,Clojure Shell JavaScript HTML CSS
https://github.com/rveciana/d3-marching-squares,Shell JavaScript
https://github.com/sagmor/tbk,HTML Ruby
https://github.com/sailorjs/sailor-module-crontab,CoffeeScript
https://github.com/sailormansam/portfolio,JavaScript HTML CSS
https://github.com/sam-falvo/gem3,C++ Makefile Objective-C PostScript Prolog Assembly IDL Batchfile RenderScript C
https://github.com/sameetb/jgdrive,Java
https://github.com/samleb/milk,Ruby
https://github.com/samsonjs/batteries,JavaScript
https://github.com/sanshi0518/java-sandbox,Java
https://github.com/satyenr/config,Vim script
https://github.com/sbcmadn1/Extension,Objective-C
https://github.com/scimusmn/sd-valentien,HTML JavaScript CSS
https://github.com/scott1028/spin.js,JavaScript HTML CSS
https://github.com/scrollback/ebus,JavaScript
https://github.com/sdc/booked,Shell PHP JavaScript CSS
https://github.com/sdpython/pyquickhelper,TeX Shell Batchfile CSS JavaScript Jupyter Notebook Python HTML
https://github.com/sebasnob/SLM,HTML CSS
https://github.com/sebmck/jsdom,PHP CSS Groff HTML JavaScript
https://github.com/send/metal-band-generator,Ruby JavaScript CSS
https://github.com/serp831/iisis.projects.java.apgJava,HTML
https://github.com/sevir/plaga,HTML JavaScript PHP CSS
https://github.com/sfcarvalho/tpe,JavaScript PHP Shell ApacheConf CSS HTML
https://github.com/sghiassy/react-native-sglistview,JavaScript Shell
https://github.com/sguiriec/linux-audio,Awk Assembly Yacc UnrealScript SourcePawn Shell Python Perl Objective-C Makefile Lex Clojure C++ C
https://github.com/shannonhaywood/cgm-remote-monitor,Shell Makefile HTML JavaScript CSS
https://github.com/shazow/liquid,JavaScript Makefile
https://github.com/shenwei356/point-mutation-correcting,Python
https://github.com/shikhalev/p2b,JavaScript Ruby CSS HTML
https://github.com/shinmen/base_node,CSS JavaScript
https://github.com/shirrick/funstuff,CSS HTML JavaScript
https://github.com/shockkolate/16BitDay,C Python
https://github.com/shubaivan/symfony.blog,PHP CSS
https://github.com/sigmonky/harmonyShed,JavaScript
https://github.com/signal/sprinkles-ui,HTML JavaScript
https://github.com/sijas/cafe,Java
https://github.com/silentworks/raktiv,PHP
https://github.com/sillo01/Brx,Java
https://github.com/silto/node-phs,JavaScript
https://github.com/simme/node-dirstream,JavaScript
https://github.com/simonjayhawkins/match-products,JavaScript
https://github.com/simonsunnyboy/quadromania,CMake Makefile C Shell
https://github.com/sindresorhus/gulp-nunjucks,JavaScript
https://github.com/sindresorhus/package-json,JavaScript
https://github.com/sinemetu1/kore,CSS C
https://github.com/sixdimensionalarray/esxidown,Shell
https://github.com/skagrawal10/ChromeBookmarksMgr,CSS JavaScript Java PHP Python Groff HTML
https://github.com/skalanux/everpad-note-launch,Python
https://github.com/skawtus/dp-store-svc,JavaScript
https://github.com/skovsgaard/blok-io,CSS JavaScript
https://github.com/skygragon/video-boy,JavaScript
https://github.com/slenky/developer,JavaScript PHP Smarty HTML CSS ApacheConf
https://github.com/smaeli/smaeli.github.io,CSS HTML
https://github.com/snikch/dredd,Shell CoffeeScript JavaScript
https://github.com/snoe/ankha,Clojure CSS
https://github.com/snogcel/bitcore-node-dash,JavaScript Shell
https://github.com/sodomgomora/FapFun,HTML JavaScript
https://github.com/softwaresouls/ordersreceiver,Arduino
https://github.com/sokket/coreclr,CMake C# C Batchfile Awk Assembly Groff Groovy HTML Makefile Objective-C PAWN Perl PowerShell Python C++ Shell Smalltalk Stata SuperCollider Yacc
https://github.com/songrit/mindapp,Ruby JavaScript HTML CoffeeScript CSS
https://github.com/soohei/jquery.TDLanguageSwitcher,JavaScript CSS
https://github.com/sorah/snmp2mkr,Ruby Shell
https://github.com/sorcix/sIRC,Java
https://github.com/sorki/start_container,Shell
https://github.com/spacenut/spin,Shell TeX Java
https://github.com/spree-contrib/spree_videos,CSS CoffeeScript Ruby HTML
https://github.com/srojas19/iteracion2,Java HTML
https://github.com/starFelix/STControlStyle,Objective-C
https://github.com/starcwl/newsTheme,HTML JavaScript CSS Shell
https://github.com/stefanomasini/frameworkdojo,JavaScript CSS
https://github.com/stefanpenner/broccoli-merge-trees,JavaScript CoffeeScript
https://github.com/stefanreichert/equinox-ds-transactions,Java AspectJ
https://github.com/stephdl/smeserver-sogo,Roff Shell Perl
https://github.com/stevenvolckaert/autodesk-inventor-powertools,C# Smalltalk
https://github.com/stojanovic/another-slack-client,JavaScript
https://github.com/stooj/mark-unpacker,Shell
https://github.com/strahe/flask-restful,Makefile Python
https://github.com/studiozeffa/shinks-app,JavaScript HTML
https://github.com/sundyzhou/ZhiHuDaily-React-Native,JavaScript Java Objective-C
https://github.com/superceleron/Kernel-3188,JavaScript ASP ApacheConf Assembly UnrealScript Shell Scilab Ruby R Python Prolog Perl6 Perl PHP Objective-C Modelica Awk Bison C C++ Erlang Forth Makefile
https://github.com/supercollider-quarks/quarks-git-subtree,C++ SuperCollider C Shell Scala Rebol Python Pure Data Processing Max JavaScript CSS
https://github.com/superopengl/Chan4Net,Batchfile C#
https://github.com/susomena/urlshortener,CSS PHP
https://github.com/svenkeidel/monto-broker,Nix Shell Haskell
https://github.com/svetlemodry/ParanoidSmsBlocker,Java
https://github.com/svoerman/offset,HTML Ruby JavaScript CoffeeScript CSS
https://github.com/swalke16/rails_responsive_rater,Ruby
https://github.com/sweppner/labeld,JavaScript HTML CSS
https://github.com/swer13/pythonintask,Python
https://github.com/syadegari/python-misc,Python
https://github.com/sysr-q/gitsby,Go
https://github.com/tachyons-css/tachyons-border-style,CSS
https://github.com/takashiro/karuta-server,QMake Shell C++ Makefile C
https://github.com/taliesins/terraform,Makefile Yacc Shell Ruby JavaScript HTML HCL Go CSS Batchfile
https://github.com/talkincode/ToughRADIUS,JavaScript Makefile Python Shell HTML CSS
https://github.com/tam7t/sigprof,Go
https://github.com/tanhuiya/tanhuiya.github.io,CSS Ruby HTML
https://github.com/tarebyte/octokit.rb,CSS Shell Ruby
https://github.com/taruntyagi697/Activity,Objective-C Ruby
https://github.com/taskcluster/taskcluster-auth,JavaScript
https://github.com/technomancy/augment,Ruby Emacs Lisp
https://github.com/telehash/lob-enc,Makefile JavaScript
https://github.com/terceiro/debci,CSS Shell Ruby Makefile JavaScript HTML
https://github.com/tero2222/asstome,Ruby
https://github.com/texus/OpenMote-cc2538-802.15.4-Sniffer,Shell C++ Python Objective-C Makefile C
https://github.com/thanhnguyen2359/MeanPomodoro,JavaScript Perl CSS
https://github.com/theappslabb/Drawing-App,Objective-C Ruby
https://github.com/thedarkone/analog,Perl C
https://github.com/thejameskyle/backbone.service,HTML JavaScript
https://github.com/themotleyfool/django-filter-actually-maintained,HTML Python
https://github.com/thetutlage/nodeframework,JavaScript HTML
https://github.com/thgautier92/ionicV2,CSS HTML JavaScript TypeScript
https://github.com/tholp/notepad-plus-plus,Python ASP Batchfile C C++ CMake HTML Lua Makefile NSIS Objective-C Objective-C++ PHP PLpgSQL Perl PostScript QMake Ruby Shell Visual Basic
https://github.com/thoughtpolice/hs-curve25519,Shell Haskell C
https://github.com/thumbtack-technology/Couchbase-L2-EclipseLink,Shell Java
https://github.com/thushcapone/YouNotify,Python JavaScript HTML Groff CSS Makefile
https://github.com/tikurahul/kotlin-futures,Kotlin
https://github.com/tim-group/High-Speed-Dirt,Java
https://github.com/timcowlishaw/blog,CSS
https://github.com/tinkerspy/Automaton-Machine-Editor,JavaScript Shell PHP CSS HTML
https://github.com/tjvantoll/declarative-widgets,JavaScript
https://github.com/tkarabela/pysubs2,Makefile Python
https://github.com/tmalaska/SparkStreamingSeqSink,Scala
https://github.com/tnalpgge/ant-docbook-dummy,Java XSLT
https://github.com/toad1359/litecoin,QMake Shell Assembly C C++ CSS Groff HTML Java Makefile Objective-C Objective-C++ Protocol Buffer Python
https://github.com/tobiashochguertel/MagnoliaCMS.Module.exampleTemplateModule,Java
https://github.com/todrobbins/familysearch-javascript-sdk,C JavaScript
https://github.com/tokland/bicingbcn,PHP Ruby
https://github.com/tolysz/ghid,Objective-C Diff Python Perl Haskell
https://github.com/tom-and-jerry/eyeCam,C Java
https://github.com/tomekwi/gulp-doxme,JavaScript
https://github.com/tomjakubowski/sprunge.el,Emacs Lisp
https://github.com/tomterryiv/marketo-rest-api,PHP
https://github.com/tomthecarrot/GlassCount,Java PHP CSS
https://github.com/tonight-halfmoon/Vaadin-Prime-Count,CSS Java
https://github.com/toyama0919/rspawn,Ruby
https://github.com/trejo08/prototipoASI,Ruby HTML CSS JavaScript CoffeeScript
https://github.com/treshak/testeng,JavaScript Batchfile CSS PHP
https://github.com/trishhyles/dronekit-python,Batchfile Inno Setup Python Shell
https://github.com/tristanklempka/robot_firmware_raspberry,C++
https://github.com/troozers/mss,PHP CSS
https://github.com/trunk-studio/trademuch-admin,Java
https://github.com/tsm91/pickadate.js,HTML CSS JavaScript
https://github.com/tst2005/lua-newmodule,Lua
https://github.com/tstuessi/matrix,C++
https://github.com/ttaylorr/go-config,Go
https://github.com/tusharjain352/OnlineTest,Java
https://github.com/txvyrush/horizontally_centered_div_using_twitter_bootstrap,CSS HTML
https://github.com/ufpb-computacao/asciidoc-book-template-with-rake-and-github,C Makefile Ruby
https://github.com/umbc-hackafe/satellite-game,Python HTML Makefile JavaScript
https://github.com/underspikey/idle,Java
https://github.com/unkelpehr/fork3,JavaScript
https://github.com/ursfassler/bloctesian-app,Java
https://github.com/valmat/RocksServer,C C++ Makefile Shell
https://github.com/vapkarian/soccer-analyzer,Shell CSS HTML Python
https://github.com/varl/media-scene,CSS HTML JavaScript
https://github.com/vdmeer/skb-java-composite,Java HTML
https://github.com/vegitron/django-performance-middleware,Python
https://github.com/venkatrami/Angular-fabric,HTML JavaScript
https://github.com/veronica15/Simple-Android-Calculator,Java
https://github.com/versionone/VersionOne.Integration.ClearQuest,Shell C#
https://github.com/vhaasteren/PTMCMCSampler,Python Shell
https://github.com/viaembedded/meta-via-vab820-bsp,BitBake Python Shell
https://github.com/vikki/nightwatch,JavaScript
https://github.com/vinnybad/VBOrientationSpecificViewController,Ruby Objective-C
https://github.com/vint21h/django-xls2po,Makefile Python
https://github.com/vladislav-smr/warduk-client-html5,HTML JavaScript
https://github.com/vlebedev/docker-test,Ruby Shell JavaScript CSS
https://github.com/vmercierfr/kong,Makefile Shell Lua
https://github.com/vrischmann/koff,Go
https://github.com/vsn4ik/bootstrap,JavaScript PowerShell Ruby Shell CSS HTML
https://github.com/vtcsec/TwitterFollowBot,Makefile Python
https://github.com/vuid-com/tredly-host,Nginx VimL DIGITAL Command Language Shell HTML
https://github.com/waldyrious/white-nerdy-test,HTML
https://github.com/wangbinsf/weibo,Objective-C
https://github.com/wangjohn/wallace,Python
https://github.com/waxpoetic/brotherly,JavaScript HTML CSS Ruby
https://github.com/waylon531/RogueRacing,Lua
https://github.com/wcmckee/ece-display,Jupyter Notebook Python
https://github.com/wdcossey/Xamarin.MaterialDrawer,C#
https://github.com/wdhwg001/ife2016,HTML CSS
https://github.com/wearekick/ocarina,Ruby CSS
https://github.com/welksonramos/desmotivacional-cli,JavaScript
https://github.com/wesm87/WesMoberly.me,CSS CoffeeScript HTML JavaScript
https://github.com/whitequark/libsigrok,Shell Python C C++ Java
https://github.com/whiterabbitengine/fifeplusplus,C C++ Objective-C Python Shell
https://github.com/wijs/fork-cms-module-visitors,JavaScript CSS PHP
https://github.com/wikimedia/thumbor-xcf-engine,Python
https://github.com/willdurand/hubot-deploy,CoffeeScript
https://github.com/william-index/Atomic-TWA,CSS
https://github.com/williamatodd/devise-2fa,CSS Ruby JavaScript HTML
https://github.com/wmde/WikibaseDataModelJavaScript,PHP Shell JavaScript
https://github.com/woutervs/DirectoryTreeView,C#
https://github.com/wrapp/dashboarder,JavaScript
https://github.com/wrrnwng/flux,Shell CSS JavaScript
https://github.com/wuzhou/LearnCgPrograming,GLSL C#
https://github.com/wyddn/wyddn.github.com,HTML CSS
https://github.com/wyuelin/wyuelin.github.io,JavaScript Shell Visual Basic CSS
https://github.com/xaqq/libzmq,Shell CMake C++ Batchfile C
https://github.com/xat/mutate.js,JavaScript
https://github.com/xaymaican/moj,JavaScript
https://github.com/xiang-tischhauser/swirl_courses,R Rebol
https://github.com/xiaojingli/xiaojingli.github.io,Ruby CSS HTML JavaScript
https://github.com/ximenean/tsd,HTML TypeScript JavaScript
https://github.com/xionglun/saml,Go Makefile
https://github.com/xiongwei-git/MVPModelDemo,Java
https://github.com/xkrause/resumereview,CSS PHP
https://github.com/xmyth/linux-mips-osolution,Groff Yacc UnrealScript Shell Scilab Python Perl Objective-C Makefile Logos Lex Clojure C++ C Awk Assembly ASP
https://github.com/yadavvi91/ParallaxRecyclerView,Java
https://github.com/yafeunteun/wikipedia-spam-classifier,Batchfile Jupyter Notebook Makefile Shell Python
https://github.com/yahoo/subscribe-ui-event,HTML Shell JavaScript
https://github.com/yareda/cats,Java
https://github.com/yarmiganosca/codepaths,Shell Ruby
https://github.com/yashdalal/yashdalal.github.io,HTML CSS
https://github.com/yatesco/midje-test,Clojure
https://github.com/yhnavein/pure-modal,HTML JavaScript CSS
https://github.com/yintaosong/spacegroup,Python
https://github.com/yogonza524/HopfieldNetwork,Java
https://github.com/yonglehou/watchman,JavaScript Makefile PHP Python Ruby Shell Batchfile C C++ CSS HTML
https://github.com/yrhooke/forms_autofill,Batchfile Shell Ruby
https://github.com/ys/hubot-pg-brain,CoffeeScript Shell
https://github.com/ysugimoto/husky,Go
https://github.com/yumikohey/lightHelperApi,HTML Ruby JavaScript CoffeeScript CSS
https://github.com/yuuhhe/microlog,Java
https://github.com/yvan/passably-connected,Objective-C
https://github.com/yveskaufmann/HTML5-Pong,JavaScript HTML
https://github.com/zachmanpro/php-two-way-authentication-tutorial,PHP
https://github.com/zameran/SpaceW,C# GLSL
https://github.com/zcqHub/asteroids,HTML JavaScript
https://github.com/zejn/arsoapi,HTML Python Makefile C
https://github.com/zenoss/go-datastore,Go
https://github.com/zero333/VIKOT,JavaScript Shell CSS PHP
https://github.com/zherk/Openminds,Ruby JavaScript D
https://github.com/zhovtonog/grep,Clojure JavaScript HTML
https://github.com/zkochan/vtag,JavaScript
https://github.com/zmathew/django-backbone,Python HTML
https://github.com/znerol/fc,Java
https://github.com/ztemt/Z7Max_NX505J_H129_kernel,JavaScript Erlang C++ C Awk Assembly ASP Python R Scala Scilab Shell TeX UnrealScript VimL XSLT Perl Objective-C++ Objective-C
https://github.com/zvezdan/pip,Shell HTML Python
https://github.com/zwcshy/JHChainableAnimations,Objective-C C Swift Ruby
https://github.com/zxdong262/jquery.response-slider,JavaScript
https://github.com/zzhhui/melted,C Perl Ruby Shell PHP Makefile C++
